address,quantity
0xe2e12e6ec4c4d0717935a20eeca98423c92e3984,1
0x10B5aed216fA66e5f489d3dD12d1064B5680F072,1
0x4a604f80Eb89FddF1B7c93e72BAE16C66E7f721E,1
0x5707b267bA0D60E83325BAAba7B858D363deeE65,1
0x75773676608A4fD5b53Cf53E588B5db4A6217698,1
0x47e8751701166691D4b720BE5658E552478Cc799,1
0x55338508dad85ddcd18fBe39d890E1b7598A5B79,1
0x3EC6524f24Fc9eB54abFc2fe3226c744ED51Dad3,1
0xA4F8c2fabeeE4E49648A64392cbFEb4f737d8130,1
0x4C0df93e38876Bde49d5C9e1C3C235d31F2c60D5,1
0xc49E5aec9112611863FDF6653bfb7397AaC97679,1
0xb83A7b9997E259833189541e02D05DD25B9E0B00,1
0x684930968D0206Dbc180866eAb874eB9909EC2bA,1
0x304C0bbEDb42d19f543aFfFCeb9f6B8D8524f0cB,1
0xd45C8254522C04FFE4B798672f240Bbbb3a03b40,1
0x97dD59083Aa01c778777ef7Ed1625928D6f939B12,1
0x5ff25957238D20222cb509Eb1dcdb8a6d12bf5a8,1
0xD3b473B8A965D1796c6d4cCEF859eC9172761272,1
0x3e7Aed6C552B98b9499a3d70d962160bfA9E7D0f,1
0x3a55ac790479bbb7a46f22d7a27b864c1f56931f,1
0x9e7c982420264558371ca07ae767d7da745e2bf7,1
0x6B8668f2De86B0B6793B36A5eF7831382Cb0eD96,1
0x2F42762336CF8254c979eB0f7C9532573e5cd42a,1
0xaBec61102ceBad29564b6eB9e41E8e34a649cc0f,1
0x72020cFb6F9dd2f86027039f539167A977b0a849,1
0x48C4A281637fA579f30fa13fDAa02FFa78d01271,1
0x140bAc671366eE9DcC24919f97A7552E6Ef58529,1
0x5ff25957238D20222cb509Eb1dcdb8a6d12bf5a5,1
0x9CC5f96b90aA14d6e1C599C2070ADc65260C8f14,1
0xf0Fe7144DFBF6321dA8530A32AF7f023F0B4167C,1
0xAE44611c76bd96981Bcb8AbabCAc0686BB75d34E,1
0x89477006a2d354475254691403183906EBCdA423,1
0x557E8375CB504D04e4142e39180Ba63427D4337E,1
0x5e0095b987492a95cF2Cdc6ec1205E04785F628A,1
0xdE12452eb596De2185aa378387d632fF65A6fd7F,1
0xd80eDb7ba5B9e6e1EB1393F0d89389663A26a2fb,1
0x97dD59083Aa01c778777ef7Ed1625928D6f939B11,1
0x8298A2A2511Cb11dCd7AB769B1AA46ee2dE5a3A7,1
0x9b5DCe5746945022373E8ceC933593ABB55CAf99,1
0x68D8CD17Da53AF079401e859BC23676A6B53D374,1
0x7C3E097284fc33b5242a3c7F47EbCBA5eF84c8D3,1
Ox26Ce298Fb3A0Eb8bA1204a22e0c77C79785A4A92,1
0xCc7CaFa70A5B13280e170B888968fB1fdd93f81f,1
0xbdB178f8B38f35a63B7ecE6Abd02045B55Ee478A,1
0x576d13c1CEb2dBD99A0671e2840992e14DBb3934,1
0xc28aa23aA264e23700EDF509fC67AF02aa4D271F,1
0x851C26b2BCb8Fc5Dd63bb27077aFCF8EAf903B51,1
0x7E2C6bf1BE0bF30f8995da5043F1f30933f4503F,1
0xeF08076e9D7135fB5F005c06404e2141D0d16DcE,1
0xc49E5aec9112611863FDF6653bfb7397AaC97682,1
0xe2e12e6ec4c4d0717935a20eeca98423c92e3986,1
0x54aE7f3F51960fcf0d1903F4b03aa171C3AB3763,1
0xc836db806b1d4dE7fAd7bA04063d21221ddadE54,1
0x718a6716a93Da4A60387363f71012efe540769e5,1
0xfb6fd409c8fbb042408bb0f9b0ccb66e06dac600,1
0x6858Cb832D006075cEf08CD72f79611BeCf43594,1
0xA9778d0dD4cC927452C4E58C3B74518231bB8F04,1
0x493E6572Ad9cc128828E5405fBe5c4370BDC3eD4,1
0x05A9446789D4CcdCcfe5De966fF7c9dc67F33199,1
0x2d6F4c97B633A63Da13894Ae9F530A491dd906Bc,1
0x28585d97f7d77b7a269c9513a98ca316421d8749,1
0x72020cFb6F9dd2f86027039f539167A977b0a851,1
0xAE3170b9fcA1450B567809196CF55852f6dff7Fa,1
0x887F0C203a42555436AEc61Be984310f5f9195B4,1
0xBf1aD5c9801e61d5784860A07be4c2B2050796E8,1
0xFe600c3CdD9f4933FfE160Fd00c7CC035F18C841,1
0x6b094236f299edECcca0A660952E858Ca6BF3679,1
0x1A82B69ABC716d3f87C81a65713b56Bd60DC710f,1
0x16c3dE2f5E435C273b2Cb0b9de41394041a62B28,1
0x9E455558562c6877146EF5064D2343064FF048b4,1
0x8da84D656156FB95E99F729EEf8551076cdf5E7B,1
0x903FaF4CEAC716f9a38F60426782Ba4E09eD9CEd,1
0xDB90Ab471030FB6e0905780CA4cd2e0A09729072,1
0x5AA981f4CE03e20F5dd6D2e0Dc0221e67d6248E4,1
0xC9b9530c279441e236382D708a4ba48EdBa0b9Ae,1
0x72020cFb6F9dd2f86027039f539167A977b0a850,1
0x9E455558562c6877146EF5064D2343064FF048b2,1
0xf510456161D3af4B134531a6C93A8151bAE7035e,1
0xc3ec81502015B8D783A312CB0153e5eAf1A3E94b,1
0xD6F441EdA31586Add7Ef979334BD88bFcf9Bc323,1
0x87EFFA248584AFFdA8015194d1f4aA2a40f337F9,1
0xd148898A12299f137AA397563F1759DdfdD58F46,1
0x9E455558562c6877146EF5064D2343064FF048b6,1
0x2B6B1C10B067Db0A71e9C8D76815Fd9922e2b1D9,1
0x230D036Ef7e7506947A01Ee80810BaF017Bfd0dD,1
0x5727b1e55ceC5BC33cfC1F6C0c6e68445A40Fd2E,1
0x1e4215e7D57ff1ab3e9c5dFbc45B3eB27ff21d5b,1
0x1Dcf53FC446aEbBF423623BC1339Cb1a59dB1144,1
0x98d0f88dB41354105a5EaEb2B69bFa35dB6152e8,1
0xf0161C058b1AB4C1a039DfA87851F4839Ab66D4D,1
0x72020cFb6F9dd2f86027039f539167A977b0a852,1
0xfd1e3deDd1F682E30AC22427AcFc06A7394FdF60,1
0x2359F02fC2A0630aB8E64C3a13b854Ac2e12Aa10,1
0xAEFaFFA0C64adde09fffe6feCae3141d7E89eD02,1
0x5ed819fe9fFAb154F856Fc95B16a73b6c0BF57D1,1
0x7052C0CdAcFbAD02C49B6F6Eee95c9292D81d14E,1
0x332fa44152e45816be55e50F513b9eA291554D2a,1
0x0544983888c1246DAdfCACE44c3654910dBa5360,1
0x2ABF533d5acd4941F673F72781ff8Bad19bf80EB,1
0xA9794aFCAE00aeFe72AEdD90E36990eda9DCb255,1
0x67d5EBd070d50A89054B01708a704AFA1790226d,1
0xD3b473B8A965D1796c6d4cCEF859eC9172761270,1
0xCAf73B4d1B11427b5DBD6c3dE92AD772fFf7773D,1
0xF170207F39c96A9B16Bde5CEd5c77F25b78a7F50,1
0x718a6716a93Da4A60387363f71012efe540769e7,1
0x176E4b50FC4fc49aFe95f8F203642C761ab4E7A3,1
0xd3bDD36B95ce5147fED58E2700E2E9F8aAFedb0C,1
0x0caE2265Fd7d9366d7e68E0a7cacF1aA2Db08FcD,1
0x8179560E13F344690Aac908cf5FC8C8dBBe9C772,1
0x431d387670B15022a14660D7782502304BBDa2D1,1
0x668272329D6280F40Dec268852043763ca564A77,1
0x36Ef94226ec06349Af06EeDe5d941D0E31dafD37,1
0x6ABc3e55Adaae2D15F1308E75015f34a4697e079,1
0xF4cf730ee3975fC6cE776fb485D9c1b6052e3867,1
0x8D729402D7eC025F0c7b0e249591CF43A7242886,1
0x2bBdD311Be6799Dd505979c1de38EeC8bA95878b,1
0xc3Ee682C1919219E6BBA092f2422694606FCeC46,1
0x7aDb19fa4426d9bcE9cA85d886E748F5D969db0a,1
0x69E6DEB79A3a27b429e7cf63C17F18de43964cDD,1
0x50EE6aDeCcD53c63BC29494e10d9561Dc95263C15,1
0x0670C57Ff43f16368db90DfF0128d044ae75fBAa,1
0x316f6997a82c56cbbf6369b5ec453cf2898aec05,1
0x8Db57565158cf42456cD117efcB8f3516Ca50672,1
0x9E455558562c6877146EF5064D2343064FF048b7,1
0xE6403da77ACB2665F53Ce53FC50F2E0b515b8B08,1
0x2743322e3Dc8ed4FD2a9Ad791e4b963DBE030493,1
0x6B0E4873BA4cA77Cb1b5062Fed302AaADf04aB5e,1
0x7f7Be51ee5774dAF4a053cbdF801e9436559A65a,1
0x9E455558562c6877146EF5064D2343064FF048b1,1
0xd9f9c373c72668e58a2413ebB3cA78FA185c9486,1
0x97eBB926E05df6E3807474454d21BeF472d9bc67,1
0xe5a3159A4D31629AE9afad813BF3aED98a0eF196,1
0xaaacddf89911bcee0601f534eb01ca1795e7a519,1
0xC41eCE7afec0659042b713cC25e394E10D3F8571,1
0xb70B203266e97C24647E257ad52c8f5Dba8fA761,1
0x3c63486d87baF4848Dfe3d654Ed3C718bbe62436,1
0x429ca0B881CFf848aF667E9D3C98197da1731a55,1
0x393F4694b64564fd5f7638e7f13E3F099f5a74bC,1
0xcf885Cb9E526b203661246A17322e5B52B670A62,1
0xD3b473B8A965D1796c6d4cCEF859eC9172761273,1
0xD3b473B8A965D1796c6d4cCEF859eC9172761267,1
0xbC07F74Fc7836169e2F8b72CbF03aAa70005Ec3D,1
0x3Ec8DBE91f7A9Cd688178D764614cA3e353eb9fe,1
0x966aD2fA99280B8f824153E498b17d6914872BF1,1
0x70678cfAE7103F28509E9e01aA2E922c1bf78757,1
0x870DdC882Abb5FE36A0a869F3B30AE146aEc4Bb5,1
0xb21946fc3f0b07Cf18393a2c0Fd34D3c8F140cF0,1
0xEC4CFfF4549eE1D5B8f721D93bB29b1Ac5fA1FF1,1
0x6D4F20133527D098E5bff4a67febd31320c3Dae8,1
0x3717Ba23fc0eD9b5F452f387ad511faAD3b79319,1
0xacFfE21aAA7c337Ac001B1aF2a7076038405DB59,1
0xffB44E614CEB390a8c30a6293a7A70886B771F93,1
0x2EF32ca0c4e25BCa4042BE90201f85Fd180d5607,1
0xD3b473B8A965D1796c6d4cCEF859eC9172761268,1
0xc49E5aec9112611863FDF6653bfb7397AaC97681,1
0x0f9151f92d4114ab766fb5c2ffb03a3a3c78499e,1
0x316f6997a82c56cbbf6369b5ec453cf2898aec06,1
0x00Ed9eB74C8C70Ca2C17f6FDBBE6707a6499f358,1
0x5ff25957238D20222cb509Eb1dcdb8a6d12bf5a6,1
0x4830C56479c3d2f2E87F5006064Ea9B1AE03fC55,1
0xa1EF17A0D887191D6C2981670Cf510d4F802005a,1
0xE8ACD2165682629d4A6fc596d0163A287541C165,1
0xc249d938Dd4e1fc7A6499A2D32763e68657da55e,1
0xf164055D9c48c20CF35cc884c527fEC19A7D737b,1
0x3432126bc9808e8427BadB1Ba7BBd22255698855,1
0x9489681CcB0b2D9848Fe4E46CBd74bc39460d999,1
0x8B7FC01E38Ec4d7Db24d8f59EC9aE7Ce2074C9b0,1
0x8bbBbB0a20b0768657F18E1c3cF6f2bf09786000,1
0x7ec2F00c5ba783d76c3E46fbF25885aAb6651a85,1
0x33dB83D0c3b457078Aa3da85b8aeD6E87b859B13,1
0x977923A35a5960Fe122565eb523AC2F34D53527a,1
0xBD2E7Bf54fC266323B8b619f62E3993d92495e25,1
0x00809C85D22AC2B662FA9043E7DBb292c649B74f,1
0x40b3Af3Ff61140242475C75355c5e62BccF1620A,1
0xC31c118553c6C026814939E5466Cb192477b7D7c,1
0xb621CaF1d607D4A14281095508dB6fe9962dF4DF,1
0x625a00De477e8bEA96dC2f16d1d5DF16E8E2c923,1
0x50EE6aDeCcD53c63BC29494e10d9561Dc95263C10,1
0x72020cFb6F9dd2f86027039f539167A977b0a848,1
0x0b468244Ba614A5FB418D581882C17157eE19120,1
0xcfE4fA520A241dBfD4f1aC2F0755fd48eF06be52,1
0xE5A64081b764ffC1f7AfBAce4B3e6dCEEc612985,1
0x0857Af0d8828e7dDf912264e1cAd096d8bc57cFf,1
0xcA8108028EBAB1B296B031570ac8c905665bc4c9,1
0x78367204d696f035a29e1e79C0137aE1a284050B,1
0xb5E8C618D935C526eECB44A2B5d52977354D47D1,1
0xF63E0232f825B06ff56D7ab135D8c548108AaE53,1
0x3902ABB90281003cb4E4406BE2D9c64E3b089A31,1
0xb6e11c4471366A822A5f6B2f7307f4AD56AC8693,1
0x9A8F31BC2Dd6d5e35eF8b0A6d4ba67Bf93096cC2,1
0x6Cf68828FB50258E37F82fDb29880E5E2193FDb6,1
0xb52b0e08e7fa23A34a723f6573AEFEEcc4fE084d,1
0x6aa78Abee619cbdbc1C836ff6d646a7313D63ffd,1
0xe2e12e6ec4c4d0717935a20eeca98423c92e3985,1
0x93cf17d52dd7711b91e14d2584a0cf219b18c61f,1
0xc49E5aec9112611863FDF6653bfb7397AaC97680,1
0x802b70e7F3AC7EF37A84d1Ce586e7245B63C127D,1
0x50EE6aDeCcD53c63BC29494e10d9561Dc95263C16,1
0x50EE6aDeCcD53c63BC29494e10d9561Dc95263C12,1
0x99045CFA33eb4D46670D0ADD5A7681fEa74D47cA,1
0x0C00f553dd8D4f95B85E01f5db5a327bc6EDfa4d,1
0x48C0E7604cE5ecC4762B486D80AB63E33391b4F6,1
0xc49E5aec9112611863FDF6653bfb7397AaC97685,1
0x444882c6FD18604a54c0e7f3f58c5241B0943357,1
0x40e501580375782b8Ba6bcD976f40187f49ba083,1
0x3F3532d0dA205E69C79c05F18352C528d1a5C05D,1
0x1B42192d2172d3676ecF8FFE0Fe9264fc2331F17,1
0x676E8b395359b6591Fc000ea0e45B1ece032C80B,1
0xee4186BC2084E6c9fd20E8497b96dA534892BC9f,1
0x9B5d22e5685f3584A8a55Daf66A490Bd36e075C5,1
0x82A2Dae5A6D4b5D4f8257bD7b13867Fa1e2eBb90,1
0x718a6716a93Da4A60387363f71012efe540769e10,1
0x0ea9619dB001D5e910ED79651a460DacFE2EB665,1
0xc49E5aec9112611863FDF6653bfb7397AaC97684,1
0xf447bc2cC87e42b312b4870897224c5210769245,1
0xD3b473B8A965D1796c6d4cCEF859eC9172761271,1
0xe839687F61C4C6B1e4AEB94026A6703bBcEDdd6D,1
0x1A4b42b8f307D174b81002A45ADD08d2a2e70B8F,1
0xBD5238ddD63Cc4426553dA736B7968ec254D181b,1
0x901Ab35627130F12ADc6BbE583bc81E0Fc39992A,1
0xfd73cad0f88dD0aAAFe79EE23802AAEdA4E309dC,1
0xfDe867Ad3Ce97941D27055c49617fE510FbD8a0B,1
0xd0255aD6662997a615FF1A390242e105C15Fe363,1
0xA1a143d9a620D16417bb3F52a5a10D909A20aDac,1
0xeB7c2c20eaaa53a70c9fe50C4c765F1af3482643,1
0x90349e57477744354fa36cdfbe90a13a9d9fbc38,1
0x5ff25957238D20222cb509Eb1dcdb8a6d12bf5a9,1
0x699bA0f0bF2EF52bAd8c22D2F45ED88D76FF76Ec,1
0x5F3987e091b1Ae6718589402b91c31a4Aa740Bd0,1
0x931b42C6847a8C165CD306F83c2383E07Dd69264,1
0xEDb132ab4854Bb3273Ec0F745046340016Fb0C6C,1
0xB2c0B767Cb92407093B2E1936B6C4Df79839f7B4,1
0xbCA59f501F4B88a11ac6A561A0CD10Cb9d1644e3,1
0x9e2Fe20B52a9Bd47DEC25C888A27ee71995fd100,1
0xdaf11b0FBB63AE21104CFc3892972aba1BB6CDD0,1
0x99EB9E776273b4B95da42bdcb75fAfa69C31b33f,1
0x8BF8D9CA8c78797d5B44cD67a49092Ed4db20b56,1
0x9B36C62cc770065F6DcdC4bC553CA4B6E6893220,1
0xe2e12e6ec4c4d0717935a20eeca98423c92e3983,1
0x15a898069Ed97B93a5b7a68F1a7d80ED06c6Ef76,1
0xbDDcc01433320D9917623a7644D76D7473592416,1
0xc49E5aec9112611863FDF6653bfb7397AaC97678,1
0x72AD3eceb1985c90eD7C48FF206A7B62ca5E9409,1
0x316f6997a82c56cbbf6369b5ec453cf2898aec04,1
0x6659FD4bD6C17C2928B9764378e2A041864C1C68,1
0x209d33056d7C20Ff4bBD6015C17a150FAA2AaC02,1
0xCB7FfEc081A366effeCFa1667bb8937EFAc2758E,1
0x5274Dff6225b851D52aeD147762663C9016068b3,1
0x81bAb584500684137615b09E6aa12Fc380AA8166,1
0x6Dacb2269c987bc8CAb33261B3Ca29d21E11470A,1
0x0f9dd228C0bAd23D217FD658542a7E0F67D13dCc,1
0x58B1cdb0A54953fDa8b7A813e33E7899760b1b91,1
0x8634686F7D4aFAE434028f5B11b928B9dC7B0906,1
0x9ADF77124D1a1a3F7815EAa0f7ad98E92Ae51Fa5,1
0x316f6997a82c56cbbf6369b5ec453cf2898aec07,1
0x9E455558562c6877146EF5064D2343064FF048b5,1
0xdFe1c8D7bc7C26edCe23E4B74D9D5A0a687d6258,1
0x316f6997a82c56cbbf6369b5ec453cf2898aec02,1
0xC3F557bf00A0EaE3269Cbcb585ECAB3b13b1D4Fc,1
0xF47de5715E5beB7aA2172175e8E0e711346Ebb6d,1
0x7e7E6017f0fdE9136d812F4dd794F86BE208fe5b,1
0xc892e24ab5bb5c967654f89dac12c0fd92c319b7,1
0xD7F68D7F8C712e82a6Bc1939c043151528B54c14,1
0x7e3d3F107304d44e648DA674C575bAc5668f8E4f,1
0xF8e64f71582cF7301611a60e1f81DaedCa63D36A,1
0x40D0c616FB53f123A9c4A89318d2286079738257,1
0x83e9Bd3346028259519248f7E3070cD987b201e7,1
0x860541c4E76741d5860ECa4348E75011d05f67b7,1
0x4f082f856A315341dD1a191e498F088bDA6ed0D0,1
0x61fde5441b656d3042a0d2c20965ebc40b77383d,1
0x50EE6aDeCcD53c63BC29494e10d9561Dc95263C11,1
0x402b6c356691590c922f583a2b098ca923b66e0e,1
0x718a6716a93Da4A60387363f71012efe540769e9,1
0xb21946fc3f0b07Cf18393a2c0Fd34D3c8F140cF6,1
0xd24788e3567437D86b984cd8472c9Faf7BE096Ca,1
0xFBEcE2042B0A901f2397590a766256e4Cb1Cce4E,1
0x5ff25957238D20222cb509Eb1dcdb8a6d12bf5a4,1
0x49d818d4b3cf6a51269Fa77d8faF8bB90f8021cD,1
0x4d02cb87456f6734899777c6a53e00fa93899256,1
0xb21946fc3f0b07Cf18393a2c0Fd34D3c8F140cF2,1
0x9863208A4348F2C57c5b90C3788A8944adaf42EF,1
0x10C322b7b106dC484e7B29Bc4F0056aea9eb4bb7,1
0xD0e5624572e9A2b915f9A9cbe5012082880Dbe2a,1
0xC6942393CC3957184Fd3671518a9923deB67640D,1
0x718a6716a93Da4A60387363f71012efe540769e6,1
0xd9C7C1Dc8e274C9eDA258d21f4dCcC6a1a8041eC,1
0x62Ba80e123Ea22fF026b5491F98F81f89be9Bceb,1
0xb247ace11816a6997729caa9587a9b926e84450c,1
0x5B5E1832D801e497A6F6A638EC54EF6A966f9A8B,1
0x159D66ED4DD42d58a0DCE22558a5089Ec4aADF99,1
0x72020cFb6F9dd2f86027039f539167A977b0a854,1
0x94DE5495aBeCB0510ae02884b6e025E1184A3F7d,1
0x7c08DDeaFf822Ef4e77f4e693533667206DD793e,1
0x97dD59083Aa01c778777ef7Ed1625928D6f939B10,1
0xb21946fc3f0b07Cf18393a2c0Fd34D3c8F140cF1,1
0x64c2D04025c7e192cf8FBC29be7AaC7b5A35534A,1
0x0E3445abeb232605963750803ecbD59eac62AF17,1
0xf724a560ef324981474c0aab935a083fda22d91c,1
0x49B338165dbe01e5B90331C072F04445Ce814d14,1
0x12334b530a6273930A913bf025d7C6433E17051C,1
0xFaF96dD816582cd89286583E29c8D7a2c43BD70D,1
0xf9fD7Ed2A911cBe30dcE4a47cD4d6aEe187C65f2,1
0x51FB0a46E32d99347801bc33594D74eBe0738921,1
0xE8A1a5Cd557AB649207109825D8f83F214940db5,1
0x48A8A86AA978961640cb247Ca0642Dab4859fd94,1
0x9CEf425CDc1365290A7859f4D3E12675D13456cD,1
0x87b28599692C27651222b1C038D8D0CbE6b7C161,1
0x04442E8131f01b1bEa6C6D14514446556e070b77,1
0xF802Bf8732227eE01944363E319FA1196bdAC501,1
0xeed434351018f2081D291dCD47892C183AB38848,1
0x62828824244Fc4B8FBE4e0b3c9Dc30c870eD6eDF,1
0x536210792F4a9a7bC1deBb16A1DC7CA6E01Fc802,1
0x5e01a96E91bFfdbD60750D3EaFc93C1C70dd7733,1
0xd64dd7037fD0e2618FBF3399EBc6D9B2572426A0,1
0xc49E5aec9112611863FDF6653bfb7397AaC97683,1
0x3044Bf01F4Cf51Bee8c126ce490f804E8B62b266,1
0x2F45B38d21C53e3F5888E8458E460e5B76688057,1
0x14f6cf575a66d3717720fF934a637469523A2D69,1
0x01b4819e5bFf4a4cD7f8D58FA16f5Ea4Bce3CF56,1
0x97dD59083Aa01c778777ef7Ed1625928D6f939B9,1
0xFD1587D242052C2AbE7dcf28249BDdc89Acc2000,1
0x3620673a9c37B8604617A31807855D3dE4f2b49A,1
0x4C04f2e094d3b1b632dcfF380f5c35F2c06f447b,1
0xcB29C6D0223658018E2b82E91a536FE06161Bd69,1
0xD37029a1c9090DC1cb8dAD1Eb9Bc226f1916D9Fa,1
0x845b94F25A5004952328a68D91DC37a084181d3d,1
0x9E455558562c6877146EF5064D2343064FF048b3,1
0x13962754124b927A5d342aB380fd8F9E6d4E794f,1
0x418d7FF356Fed36786eE776069D8BaEE66bC119D,1
0xBF5926098789ccad55f4fA4976B302a4E0b00536,1
0x0Ba83Cd43F6D9BCF04216EBA33c5b0F5B2F64695,1
0x7a739eb45E5B692AD08c466d0c153090989bc4Ae,1
0x1C981B34C3f85F96bb869D5F488b8961D83bCAe2,1
0x0B0DD2D70545A78aA48E1aC14E28b1Ca734062ff,1
0xe4362717a58DA2e48e237d3bDbB74Fc1A7d23C2c,1
0x738c610f93B7c6A4A0Fd5893A8A0e6b882Cc7703,1
0x49a1a9edbc8060d29eec8d5b34ed099c81400219,1
0x33F3e599C10E58F3d7EE84F3D1cc980DAD7280f5,1
0x161F7f28B9dc3B002f8B7aC5C320C085A0576e24,1
0x658EEec3d0053D0c0e74045b3EE4B2Ca666B1Cb3,1
0xe321b9782CCE6f3EbC6A96f418CcaD9EFfE649B3,1
0xB59A7b6a7482EAC16F7eA59a3cd97455Ab4F59A7,1
0xD8A629993a79a0743486ef697778F8BccdC4A8Ae,1
0x070fB8A4B8dF4D38235C13Ee28dBc90d4592AC07,1
0x11cE653D2483EbA02bc5007115471779469dF13F,1
0xE0B68D04FBA0E7dbD4fA6861dD61F7098a5E3BeE,1
0x97dD59083Aa01c778777ef7Ed1625928D6f939B13,1
0x807c83E7279fca0a3A2C0a38DBbC32f1312dA4e2,1
0x718a6716a93Da4A60387363f71012efe540769e4,1
0xa4af2eb13b3cb8b06b1ce0409bef30c419e212b3,1
0x781dd6d2CcEB234101D2C7Ed48768eCbc6C7E49F,1
0x572a93D1D122D0226A402403A5e9d4AfF92C5D18,1
0xa948bc4AD509D7C9972DC40289861e8AfbDd9821,1
0x316f6997a82c56cbbf6369b5ec453cf2898aec01,1
0x97dD59083Aa01c778777ef7Ed1625928D6f939B16,1
0x718a6716a93Da4A60387363f71012efe540769e11,1
0xC89D0940eF28FbB2D1c35F31267EbFe42E44222b,1
0x83b5b5F1A5a3606874C78260D8EaB9E346AD7184,1
0x8c902F684Fa8e619beE7C10f4817AC885414daA0,1
0x5ed9b590a526EBE83490cB1db35839453950D916,1
0x679C1bE4f76d4181419852b2EdD97c0B50d16aa4,1
0x1fA2c8EA01963C066c0caA89F810aACc91F2b876,1
0xF277a626455409640F4e151aBA0FD7F0B42b7d74,1
0xe2e12e6ec4c4d0717935a20eeca98423c92e3987,1
0xdaD67e9fB4976b2071c5BADEb6732e84e03026C3,1
0x53e98Eb6F3c47B8698aF0ceD4149d42c1614d739,1
0x3803984bebea3A30C06f5179bC0A841bE8753e7d,1
0x3e9Bf03D8F1aD88611961B4B7045ff3A3c89a7fe,1
0xa127F9fDe6C5d91e6583C55fe7E68dda40137e69,1
0x1a9924717aa7d8825450b650e6b448b998382e01,1
0x71Aa53066917FD0500Aa11Fc8b7Be085F00a04B0,1
0x54df9EEF26EfA2DE18F527c7b5b3B5f881e54FCa,1
0xAbecb8A8F175d370A237a815549370E05635b1c8,1
0xc0DcD555cbb020B9233cd56A9c17aC1646E7e06B,1
0x5ff25957238D20222cb509Eb1dcdb8a6d12bf5a3,1
0x9Ce595fc0cda2CcCE175aA3527Ab713a3c46A0F4,1
0x458D042aa3510f3d0D00E3B242eC50615EF25B92,1
0xfB2B5811fb29eD4aD7350d6bCF459aF9Ed1766cf,1
0x29FBA36a5481cCB12a74193F3ED1F47E12881196,1
0x178229f0B118A8c99B1278Cd3dd7AB28bD91c048,1
0xb21946fc3f0b07Cf18393a2c0Fd34D3c8F140cF5,1
0x075FdeBAc05f5539563F43641172648CA98581bc,1
0xc888760C20BE48d73faeC1C58BC4E5dCe26Bb516,1
0x718a6716a93Da4A60387363f71012efe540769e8,1
0xdDD9Ec9d20c355953D918daF777dC42956e6412E,1
0xE1128a10F9a093209080Dd6476aD3e67b6a7c492,1
0xcB7e86d865726Ba1d2AF9820192dA18Bad9268f6,1
0x53168dc72d5917F8FE0d7D6bE3C023B7FcbF07B0,1
0xDB68033E42e9a4e0B3CB6DE6859CAA85301FD1eE,1
0x68eC19f6DD007C5516746858aF677E4737796B4e,1
0x50EE6aDeCcD53c63BC29494e10d9561Dc95263C14,1
0xD3b473B8A965D1796c6d4cCEF859eC9172761266,1
0x7f4289B32c2A6D861B20F851497B965946daEB4f,1
0x85e94102755b79A608aa1160442BCF9B333a3315,1
0xaFCaD02859B881bb63183e42acF6Bcd485Fe9b28,1
0xb78ee2E3984C778081999B763010a68A9E571948,1
0x0379ed895F8b2DB1bA771ECDDEE2839E1539fe18,1
0x4D03F26B2f6f0DD8E643c59f8Ebb4F06b19bc111,1
0x1BC38771E0bd80D3291EA68E0285a4ec9Bf93Ee9,1
0xf7a7F4b3B04D173dDB2DA61021A294413f41E048,1
0x0Fa5Ed4024D0E0481755d1e05c1ac8bF18cC8493,1
0x504Ad8eBA4995C201Cf2199E97d03f0204f64818,1
0x31D880963856084B3f3AD7c237EED46437bd6867,1
0xB5215117880EaA497B7571D25F149b26aF9a2B73,1
0x04761238A4c7bC2C09bfDA57f8E7Fb32a6402cF4,1
0xc5342B67aCF50F160743004A94758a4939A7D308,1
0x85d6ce4150f5e9acc3d144553f55256fdedc129d,1
0x1A778294124E14119f57179c12dca13674DC0FB9,1
0x66C6648F87A20d92D760e6e077c8293D37f00d55,1
0x49E7E490F0ACDdCbeC8f60A0d4C37C9295A017fc,1
0x4027C54f8B82882011bf92dFf6380236188F711e,1
0x58737b3f6A2cEdddcadf246436Fc28Aa8809382D,1
0x6D6cFb1FbcfA9c54A4DFd6c736ceF3078a0cD06c,1
0xf7b097372A9AdE446909e2459e61b776119E33d4,1
0x1F2726a01D0B373B5396db6Bc5CA53b12a70c635,1
0x17f5E2d6c832d404c2e6Ae873d7eEF969323CaD7,1
0x4eCFfcf0010a9F7e754757CA27F61ca35759072A,1
0x84B40d495062C49D6fFF52504D52994355982f48,1
0x1D63F5692ca677A743c395E1Aa45658aB2E51ECf,1
0x18e834cC4C59b74b6C3E5d0AB3827c1231c3D963,1
0x68be7c236F5997dC6C1277D2357545ada8930F90,1
0x2307b929Fc8c08ab2379A6B418f227E6110036dc,1
0x5ff25957238D20222cb509Eb1dcdb8a6d12bf5a7,1
0x72020cFb6F9dd2f86027039f539167A977b0a853,1
0x5cd3d18b42153969372da9f0921b7bc2136d7d6e,1
0xC3a7DD4BBe209E8aCE8F3fDAd766926AD4839C61,1
0x3BB3866846E819F99ADbbA861066feE475276E20,1
0x5c7b21598cd2bfa856c5cd4E622cde9C62A5f33A,1
0xc8509ca04c506A0ab314908876a772dB8F066786,1
0x0bA9eeb3045d7aa9d997f810b0a869C728D2C382,1
0xCcE8E304381303055298789CAF2F8f70b1da34c3,1
0xb77ff2381F7b0EC5ca790292Ad7001bdA19Be630,1
0xb21946fc3f0b07Cf18393a2c0Fd34D3c8F140cF3,1
0x55C7051c3e286533B990C9F4194c556629F448D0,1
0xaADe8D65e973d27e5aa047284425234B38b0d15D,1
0xaa43747cdA3eA67d473cDD845c887939Ea8b4D26,1
0xe2e12e6ec4c4d0717935a20eeca98423c92e3982,1
0x22B1e6F7726731E69EDF2d28Df88CDd66a825554,1
0x5190feF770347C6DA8176074fdE125340d53d5c8,1
0x3062427F59d6D082383833F76385C879a93ebC1B,1
0x213ec89f1f2c7ff72baff456d1e55ebb7f0b355e,1
0x43708A56BAD4d87EF0AC0A64cB0A79bc0bc5a164,1
0x96f57Ac2388afEB62d9a2f1d297b46971D24DC8b,1
0xC182aA0ecb24A674C00C76cE8F1761cC5a10611c,1
0x8ebD58F770D92A308DC5497849d9b2571F83d9Fe,1
0x33a68dCdc1B002b077073e6B1cAd04cb26Ff2A62,1
0x50EE6aDeCcD53c63BC29494e10d9561Dc95263C13,1
0xe2e12e6ec4c4d0717935a20eeca98423c92e3989,1
0x511024aBeF59a5baCcc3C6e5D09f8D7a74e72228,1
0xa6f6fe428C25a8441f836294C89Bc6100c7A3262,1
0x49153bf37E949Ff0AA7dEaB2886c80ef9A31859b,1
0xf2bb8582748c5dd0aE4bDbb069e0bdCA2FD64339,1
0x83528A9B0aF13F723E1DbaE2133F7FE9223d5862,1
0xAA080dAA4Aa83b8eeB3AB620Bf871E3E88dAB3dC,1
0x7f7ec373944c94210e4f8bf3d19c660e73d1bfbc,1
0xB58cD2384DE1240efc6c33b2da34643406Ba11C4,1
0x316f6997a82c56cbbf6369b5ec453cf2898aec03,1
0x3599D04DA186E34D96cB2373f2F2f84146658A27,1
0xD26d4C80B77edd1CF020C8fa5759EcEbF2A549EC,1
0x70d567adb596b557c76425730ac8d8b301702ed1,1
0x44CCb978D92c25e1ca7D218dC0E803Ccce788ae6,1
0x8cd1AcC2816d415A2D6c5938A6d7EC8B4023AdD7,1
0x5c833a5E27C7D2AccEAAb7A722e742C0b87c500D,1
0x76D1E009240a344Ea681458404fb936e75C84ab6,1
0x0F62E7aA55eF30B72230a22f16cA99DAc9335912,1
0xD3b473B8A965D1796c6d4cCEF859eC9172761269,1
0x380dadCd9E896a513ecEC0dbE541C8BF91D68AF6,1
0x50EE6aDeCcD53c63BC29494e10d9561Dc95263C9,1
0x311cBe88373d3D0d4fcF9E16eC05d76a97bB6746,1
0x104c95a4943F749f70Ad320BE248b12ac577347F,1
0x60cDC6A0394E23aF05040815b1906aBA19a0C78A,1
0xd55c11547D70D830b395Cb05C626fa82DAe22015,1
0xFcc388c0F556bA119999559De58Ae6646D6e1ea5,1
0x420271Bf18627C58cc3fbaABfd09153eE3f7B08D,1
0x97dD59083Aa01c778777ef7Ed1625928D6f939B14,1
0x1663e2380D1F60078f03E96bbCcA9Bca3e000600,1
0x802C7389be97C6F0c9beA25E14B97C79e7Cd6DD2,1
0x49A1a9Edbc8060D29EEc8d5b34eD099C81400219,1
0xDE8678a7631d2118608395ECBac9e36a0F7a8F38,1
0xF71f83DbfD224bd1A8AdC3C29F179CBa3E7B9bB9,1
0xCBC4c8b4Da9ccE68Ad2A5818cd7CFa90f8Eb2E78,1
0xe2e12e6ec4c4d0717935a20eeca98423c92e3988,1
0x4E924aa8C283B0484075e520141d0846e1200498,1
0xAa8615e1595F39133De0Bf85Be78c2D066974874,1
0xA603cCB3A09FC0B782aAd04E21224128B3D32916,1
0xb21946fc3f0b07Cf18393a2c0Fd34D3c8F140cF4,1
0x2D63Beb5bC5Fc601f834aBD0d0aB818bdF29c9d6,1
0xFC5065739dC1a6035e2A09b07445A3B6B9381E24,1
0x339D4eF55B1bdC78Ae96509454F2756ee6aAa5E4,1
0x2eedAd3E727FCD99C5A6905a9e121477a34Eba82,1
0x7D39afebB8442b199EdCFC84E1959a2c5Bf546b3,1
0x695b8737cb7b1edf502cccca0b79ed869e59328e,1
0xd74de0C9eA59307ca8f1BEFFFB6f941947E93Be3,1
0x01219Fc2f1da64Bc03b1d85252C4d721C01ec347,1
0x3B5aB1bC7E4efC9254bffdFfbbFA7aca8706E187,1
0xe5693Dbcf31306157A421D2473c0176009450787,1
0xAf80b789835e5A75A2C37789C8c39ab14E70D8BD,1
0xa5815d54b0929C1f17D62A4843b6896d60473981,1
0x6B3d3c8a8eA9944C63CE8192F66b6a9F1FBe8F2F,1
0xF6eE346CbA88Df2E9B23738bf831cAE578783D0c,1
0x97dD59083Aa01c778777ef7Ed1625928D6f939B15,1
0xb506a1C56CD46c51f636864AE7c9914096C00620,1
0xa6b8c7b9Eb8c3c476Bf349E0A1B66aFdB1210D79,1
0x41e173EF97b99B47a413C265E1015dD219fE9e82,1
0xB20eD4FCa0f807307819235f2f25B93AE155C0FE,1
