address,quantity
0x718a6716a93Da4A60387363f71012efe540769e4,1000
0xa6f6fe428C25a8441f836294C89Bc6100c7A3262,1000
0x12334b530a6273930A913bf025d7C6433E17051C,1000
0x51FB0a46E32d99347801bc33594D74eBe0738921,1000
0x47e8751701166691D4b720BE5658E552478Cc799,1000
0x44CCb978D92c25e1ca7D218dC0E803Ccce788ae6,1000
0x82A2Dae5A6D4b5D4f8257bD7b13867Fa1e2eBb90,1000
0x68D8CD17Da53AF079401e859BC23676A6B53D374,1000
0x0E3445abeb232605963750803ecbD59eac62AF17,1000
0x99EB9E776273b4B95da42bdcb75fAfa69C31b33f,1000
0x1A4b42b8f307D174b81002A45ADD08d2a2e70B8F,1000
0xa5815d54b0929C1f17D62A4843b6896d60473981,1000
0x58737b3f6A2cEdddcadf246436Fc28Aa8809382D,1000
0xf0Fe7144DFBF6321dA8530A32AF7f023F0B4167C,1000
0xD0e5624572e9A2b915f9A9cbe5012082880Dbe2a,1000
0xcf885Cb9E526b203661246A17322e5B52B670A62,1000
0x7C3E097284fc33b5242a3c7F47EbCBA5eF84c8D3,1000
0x6Dacb2269c987bc8CAb33261B3Ca29d21E11470A,1000
0x40b3Af3Ff61140242475C75355c5e62BccF1620A,1000
0x0857Af0d8828e7dDf912264e1cAd096d8bc57cFf,1000
0x0C00f553dd8D4f95B85E01f5db5a327bc6EDfa4d,1000
0xDE8678a7631d2118608395ECBac9e36a0F7a8F38,1000
0x7052C0CdAcFbAD02C49B6F6Eee95c9292D81d14E,1000
0xd148898A12299f137AA397563F1759DdfdD58F46,1000
0x15a898069Ed97B93a5b7a68F1a7d80ED06c6Ef76,1000
0x6Cf68828FB50258E37F82fDb29880E5E2193FDb6,1000
0xb5E8C618D935C526eECB44A2B5d52977354D47D1,1000
0xb621CaF1d607D4A14281095508dB6fe9962dF4DF,1000
0x2bBdD311Be6799Dd505979c1de38EeC8bA95878b,1000
0x887F0C203a42555436AEc61Be984310f5f9195B4,1000
0x9CEf425CDc1365290A7859f4D3E12675D13456cD,1000
0xBf1aD5c9801e61d5784860A07be4c2B2050796E8,1000
0x339D4eF55B1bdC78Ae96509454F2756ee6aAa5E4,1000
0x60cDC6A0394E23aF05040815b1906aBA19a0C78A,1000
0x444882c6FD18604a54c0e7f3f58c5241B0943357,1000
0x97eBB926E05df6E3807474454d21BeF472d9bc67,1000
0xeed434351018f2081D291dCD47892C183AB38848,1000
0x7e3d3F107304d44e648DA674C575bAc5668f8E4f,1000
0x332fa44152e45816be55e50F513b9eA291554D2a,1000
0x8298A2A2511Cb11dCd7AB769B1AA46ee2dE5a3A7,1000
0x67d5EBd070d50A89054B01708a704AFA1790226d,1000
0x380dadCd9E896a513ecEC0dbE541C8BF91D68AF6,1000
0x16c3dE2f5E435C273b2Cb0b9de41394041a62B28,1000
0x458D042aa3510f3d0D00E3B242eC50615EF25B92,1000
0xd45C8254522C04FFE4B798672f240Bbbb3a03b40,1000
0xAEFaFFA0C64adde09fffe6feCae3141d7E89eD02,1000
0x6858Cb832D006075cEf08CD72f79611BeCf43594,1000
0xc3Ee682C1919219E6BBA092f2422694606FCeC46,1000
0xbC07F74Fc7836169e2F8b72CbF03aAa70005Ec3D,1000
0x176E4b50FC4fc49aFe95f8F203642C761ab4E7A3,1000
0x64c2D04025c7e192cf8FBC29be7AaC7b5A35534A,1000
0x62828824244Fc4B8FBE4e0b3c9Dc30c870eD6eDF,1000
0x9B5d22e5685f3584A8a55Daf66A490Bd36e075C5,1000
0x851C26b2BCb8Fc5Dd63bb27077aFCF8EAf903B51,1000
0x2743322e3Dc8ed4FD2a9Ad791e4b963DBE030493,1000
0x8ebD58F770D92A308DC5497849d9b2571F83d9Fe,1000
0x557E8375CB504D04e4142e39180Ba63427D4337E,1000
0xbDDcc01433320D9917623a7644D76D7473592416,1000
0xA603cCB3A09FC0B782aAd04E21224128B3D32916,1000
0x33a68dCdc1B002b077073e6B1cAd04cb26Ff2A62,1000
0x802b70e7F3AC7EF37A84d1Ce586e7245B63C127D,1000
0xE0B68D04FBA0E7dbD4fA6861dD61F7098a5E3BeE,1000
0xacFfE21aAA7c337Ac001B1aF2a7076038405DB59,1000
0x8634686F7D4aFAE434028f5B11b928B9dC7B0906,1000
0x0f9dd228C0bAd23D217FD658542a7E0F67D13dCc,1000
0xE8ACD2165682629d4A6fc596d0163A287541C165,1000
0x36Ef94226ec06349Af06EeDe5d941D0E31dafD37,1000
0xeB7c2c20eaaa53a70c9fe50C4c765F1af3482643,1000
0xfd73cad0f88dD0aAAFe79EE23802AAEdA4E309dC,1000
0xD26d4C80B77edd1CF020C8fa5759EcEbF2A549EC,1000
0x8Db57565158cf42456cD117efcB8f3516Ca50672,1000
